Workbook
Name Mua_ngay: SoLieu!$B$6
Name Ty_le_mua: SoLieu!$B$7
Name T_mua: SoLieu!$B$8
Name i_mmh: SoLieu!$B$9
Name i_ms: SoLieu!$B$10
Name HS_C: SoLieu!$B$14
Name HS_n: SoLieu!$B$15
Name Gamma_w: SoLieu!$B$16
Name Z_dinh: SoLieu!$B$20
Name Z_co: SoLieu!$B$21
Name Z_ltr: SoLieu!$B$22
Name m_tren: SoLieu!$B$23
Name m_duoi: SoLieu!$B$24
Name sin_tren: SoLieu!$B$25
Name sin_duoi: SoLieu!$B$26
Name L_tren: SoLieu!$B$27
Name L_duoi: SoLieu!$B$28
Name a_o: SoLieu!$B$29
Name L_cheo: SoLieu!$B$30
Name tau_cat: SoLieu!$B$34
Name tau_bui: SoLieu!$B$35
Name tau_thit: SoLieu!$B$36

Sheet HuongDan
A1: DÒNG CHẢY TRÀN TRÊN MÁI HẠ LƯU KHI MƯA – HIỆU QUẢ CHỐNG XÓI CỦA VIỆC CHIA Ô MÁI (Bảng 5.5)
A4: 1. Mục đích
A5: • | B5: Mái hạ lưu bị xói rãnh do nước mưa chảy tràn; lực xói tăng theo chiều dài đường chảy L. Chia mái thành ô bằng rãnh xiên 45° (TCVN 8216:2018 điều 10.3.4.5) để cắt ngắn L; kích thước rãnh, ô xác định qua tính toán (điều 10.3.4.6).
A7: 2. Công thức (Chow, Open-Channel Hydraulics [25])
B8: (5-1) q = C·i·L – lưu lượng đơn vị (m²/s): mái dài L phía trên điểm xét hứng mưa trên L × 1 m².
B9: (5-2) h = (q·n/√sinβ)^0,6 – chiều sâu dòng màng mỏng, công thức Manning cho dòng rất rộng (R ≈ h).
B10: (5-3) τ = γw·h·sinβ – ứng suất tiếp đáy (lực kéo của dòng chảy đều), so với ứng suất tiếp cho phép của đất.
B11: v = q/h – lưu tốc trung bình; t tập trung = (n·L/√sinβ)^0,6 / (C·i)^0,4 – sóng động học.
A12: • | B12: Gộp lại: τ = γw·(C·i·n·L)^0,6·(sinβ)^0,7 → τ tỷ lệ với L^0,6: mức giảm τ khi rút ngắn L KHÔNG phụ thuộc C, i, n (xem sheet DoNhay).
A14: 3. Ý nghĩa các chiều dài đường chảy L (sheet Bang5_5)
A15: • | B15: Cả đoạn mái (34 m với m = 3; 32,8 m với m = 3,5): chưa có rãnh – hiện trạng (rãnh cũ hư hỏng).
A16: • | B16: Đường chéo ô 4 × 4 m = 5,66 m: đường chảy tính toán sau sửa chữa – các ô đặt xoay 45° so với đường dốc nhất nên nước chảy theo đường chéo ô. Cạnh ô 4 m chỉ để tham khảo.
A17: • | B17: 17 m, 8 m: các bước chia đôi đường chảy (thêm 1 hoặc 3 rãnh ngang) – để thấy τ giảm dần theo L.
A18: • | B18: Đoạn mái trên (m = 3) là đoạn quyết định: dốc hơn và dài hơn; rãnh ngang trên cơ +68,0 thu nước đoạn trên nên đoạn dưới (m = 3,5) chỉ chịu nước mưa rơi trên chính nó.
A20: 4. Cách dùng
A21: • | B21: Chỉ sửa các ô nền vàng chữ xanh ở sheet SoLieu (và các ô vàng ở sheet DoNhay); mọi ô khác là công thức.
A22: • | B22: Số liệu: lượng mưa 1 ngày lớn nhất P = 10% = 191,8 mm – QTVH (2026) Bảng 2-11; mưa 30 phút = 30% mưa ngày (giả thiết – hồ sơ không có mưa thời đoạn ngắn); C = 0,6 (mặt đất dốc lớn, cỏ thưa); n = 0,03 (mặt đất trống); ứng suất tiếp cho phép của đất không có lớp phủ theo Chow [25].
A23: • | B23: Chiều dài cả mái trên tính đúng là 34,3 m; bảng làm tròn 34 m như thuyết minh (τ chênh 0,04 Pa).

Sheet SoLieu
A1: SỐ LIỆU ĐẦU VÀO (ô vàng chữ xanh: nhập; còn lại: công thức)
A4: A. MƯA TÍNH TOÁN
A5: Thông số | B5: Giá trị | C5: Đơn vị | D5: Ghi chú, nguồn
A6: Lượng mưa 1 ngày lớn nhất P = 10% | B6: 191.8 | C6: mm | D6: QTVH (2026) Bảng 2-11 – thuyết minh dẫn [1]
A7: Tỷ lệ mưa 30 phút / mưa ngày | B7: 0.3 | C7: – | D7: Giả thiết (hồ sơ không có mưa thời đoạn ngắn); độ nhạy 0,20 ÷ 0,40
A8: Thời đoạn mưa | B8: 0.5 | C8: giờ | D8: Thời gian tập trung nước trên mái chỉ 0,5 ÷ 2 phút (sheet Bang5_5)
A9: Cường độ mưa tính toán i | B9: =Mua_ngay*Ty_le_mua/T_mua | C9: mm/h | D9: i = 191,8 × 0,30 / 0,5
A10: Cường độ mưa tính toán i | B10: =i_mmh/3600000 | C10: m/s | D10: đổi đơn vị: mm/h → m/s
A12: B. MẶT MÁI
A13: Thông số | B13: Giá trị | C13: Đơn vị | D13: Ghi chú, nguồn
A14: Hệ số dòng chảy C | B14: 0.6 | C14: – | D14: Mặt đất dốc lớn, cỏ thưa khi mưa lớn (bảng hệ số dòng chảy ≈ 0,4 ÷ 0,6), lấy cận trên
A15: Hệ số nhám Manning n | B15: 0.03 | C15: – | D15: Mặt đất trống – Chow [25]; dòng màng mỏng trên đất trống ≈ 0,011 ÷ 0,05
A16: Trọng lượng riêng của nước γw | B16: 9810 | C16: N/m³
A18: C. HÌNH HỌC MÁI HẠ LƯU (mặt cắt lòng sông sau sửa chữa)
A19: Thông số | B19: Giá trị | C19: Đơn vị | D19: Ghi chú, nguồn
A20: Cao trình đỉnh đập | B20: 78.85 | C20: m | D20: Sau sửa chữa
A21: Cao trình cơ hạ lưu | B21: 68 | C21: m | D21: Có rãnh ngang 40 × 40 cm thu nước đoạn mái trên
A22: Cao trình đỉnh lăng trụ thoát nước | B22: 59 | C22: m
A23: Hệ số mái đoạn trên m₁ | B23: 3 | C23: – | D23: Từ đỉnh xuống cơ
A24: Hệ số mái đoạn dưới m₂ | B24: 3.5 | C24: – | D24: Từ cơ xuống đỉnh lăng trụ
A25: sinβ₁ = 1/√(1 + m₁²) | B25: =1/SQRT(1+m_tren^2) | C25: – | D25: β₁ = 18,43°
A26: sinβ₂ = 1/√(1 + m₂²) | B26: =1/SQRT(1+m_duoi^2) | C26: – | D26: β₂ = 15,95°
A27: Chiều dài đoạn mái trên (dọc mái) | B27: =(Z_dinh-Z_co)*SQRT(1+m_tren^2) | C27: m | D27: Đường chảy khi chưa có rãnh
A28: Chiều dài đoạn mái dưới (dọc mái) | B28: =(Z_co-Z_ltr)*SQRT(1+m_duoi^2) | C28: m
A29: Cạnh ô rãnh a | B29: 4 | C29: m | D29: Ô 4 × 4 m (TKCS, Hình 3.2), đặt xoay 45°
A30: Đường chéo ô a·√2 | B30: =a_o*SQRT(2) | C30: m | D30: Đường chảy dài nhất trong ô (theo đường dốc nhất)
A32: D. ỨNG SUẤT TIẾP CHO PHÉP CỦA ĐẤT KHÔNG CÓ LỚP PHỦ (Chow [25])
A33: Thông số | B33: Giá trị | C33: Đơn vị | D33: Ghi chú, nguồn
A34: Đất pha cát | B34: 1.8 | C34: Pa
A35: Đất bụi | B35: 2.3 | C35: Pa
A36: Đất thịt chặt | B36: 3.6 | C36: Pa | D36: Khi cỏ đã phủ kín, mái chịu được ứng suất tiếp lớn hơn nhiều lần

Sheet Bang5_5
A1: BẢNG 5.5 – ĐẶC TRƯNG DÒNG CHẢY TRÀN TRÊN MÁI HẠ LƯU THEO CHIỀU DÀI ĐƯỜNG CHẢY
A2: q = C·i·L; h = (q·n/√sinβ)^0,6; v = q/h; τ = γw·h·sinβ. Ô vàng chữ xanh (cột L) nhập được; dòng in đậm dùng để kết luận.
A4: a) Đoạn mái trên m = 3,0 (đỉnh +78,85 → cơ +68,0) – đoạn quyết định, dùng cho Bảng 5.5
A5: L (m) | B5: Ý nghĩa | C5: q = C·i·L (m²/s) | D5: h (mm) | E5: v (m/s) | F5: τ (Pa) | G5: Mức giảm so với cả đoạn mái (lần) | H5: So với ứng suất tiếp cho phép | I5: Thời gian tập trung (s)
A6: =a_o | B6: Cạnh ô 4 × 4 m (tham khảo) | C6: =HS_C*i_ms*A6 | D6: =1000*(C6*HS_n/SQRT(sin_tren))^0.6 | E6: =C6/(D6/1000) | F6: =Gamma_w*D6/1000*sin_tren | G6: =F$10/F6 | H6: =IF(F6<=tau_cat,"Nhỏ hơn [τ] đất pha cát",IF(F6<=tau_bui,"Nhỏ hơn [τ] đất bụi",IF(F6<=tau_thit,"Nhỏ hơn [τ] đất thịt chặt","Lớn hơn [τ] mọi loại đất trống"))) | I6: =(HS_n*A6/SQRT(sin_tren))^0.6/(HS_C*i_ms)^0.4
A7: =L_cheo | B7: Đường chéo ô – đường chảy tính toán sau sửa chữa | C7: =HS_C*i_ms*A7 | D7: =1000*(C7*HS_n/SQRT(sin_tren))^0.6 | E7: =C7/(D7/1000) | F7: =Gamma_w*D7/1000*sin_tren | G7: =F$10/F7 | H7: =IF(F7<=tau_cat,"Nhỏ hơn [τ] đất pha cát",IF(F7<=tau_bui,"Nhỏ hơn [τ] đất bụi",IF(F7<=tau_thit,"Nhỏ hơn [τ] đất thịt chặt","Lớn hơn [τ] mọi loại đất trống"))) | I7: =(HS_n*A7/SQRT(sin_tren))^0.6/(HS_C*i_ms)^0.4
A8: 8 | B8: Thêm 3 rãnh ngang (so sánh) | C8: =HS_C*i_ms*A8 | D8: =1000*(C8*HS_n/SQRT(sin_tren))^0.6 | E8: =C8/(D8/1000) | F8: =Gamma_w*D8/1000*sin_tren | G8: =F$10/F8 | H8: =IF(F8<=tau_cat,"Nhỏ hơn [τ] đất pha cát",IF(F8<=tau_bui,"Nhỏ hơn [τ] đất bụi",IF(F8<=tau_thit,"Nhỏ hơn [τ] đất thịt chặt","Lớn hơn [τ] mọi loại đất trống"))) | I8: =(HS_n*A8/SQRT(sin_tren))^0.6/(HS_C*i_ms)^0.4
A9: 17 | B9: Thêm 1 rãnh ngang giữa mái (so sánh) | C9: =HS_C*i_ms*A9 | D9: =1000*(C9*HS_n/SQRT(sin_tren))^0.6 | E9: =C9/(D9/1000) | F9: =Gamma_w*D9/1000*sin_tren | G9: =F$10/F9 | H9: =IF(F9<=tau_cat,"Nhỏ hơn [τ] đất pha cát",IF(F9<=tau_bui,"Nhỏ hơn [τ] đất bụi",IF(F9<=tau_thit,"Nhỏ hơn [τ] đất thịt chặt","Lớn hơn [τ] mọi loại đất trống"))) | I9: =(HS_n*A9/SQRT(sin_tren))^0.6/(HS_C*i_ms)^0.4
A10: =ROUND(L_tren,0) | B10: Cả đoạn mái, chưa có rãnh – hiện trạng | C10: =HS_C*i_ms*A10 | D10: =1000*(C10*HS_n/SQRT(sin_tren))^0.6 | E10: =C10/(D10/1000) | F10: =Gamma_w*D10/1000*sin_tren | G10: =F$10/F10 | H10: =IF(F10<=tau_cat,"Nhỏ hơn [τ] đất pha cát",IF(F10<=tau_bui,"Nhỏ hơn [τ] đất bụi",IF(F10<=tau_thit,"Nhỏ hơn [τ] đất thịt chặt","Lớn hơn [τ] mọi loại đất trống"))) | I10: =(HS_n*A10/SQRT(sin_tren))^0.6/(HS_C*i_ms)^0.4
A13: b) Đoạn mái dưới m = 3,5 (cơ +68,0 → đỉnh lăng trụ +59,0) – kiểm tra thêm
A14: L (m) | B14: Ý nghĩa | C14: q = C·i·L (m²/s) | D14: h (mm) | E14: v (m/s) | F14: τ (Pa) | G14: Mức giảm so với cả đoạn mái (lần) | H14: So với ứng suất tiếp cho phép | I14: Thời gian tập trung (s)
A15: =a_o | B15: Cạnh ô 4 × 4 m (tham khảo) | C15: =HS_C*i_ms*A15 | D15: =1000*(C15*HS_n/SQRT(sin_duoi))^0.6 | E15: =C15/(D15/1000) | F15: =Gamma_w*D15/1000*sin_duoi | G15: =F$19/F15 | H15: =IF(F15<=tau_cat,"Nhỏ hơn [τ] đất pha cát",IF(F15<=tau_bui,"Nhỏ hơn [τ] đất bụi",IF(F15<=tau_thit,"Nhỏ hơn [τ] đất thịt chặt","Lớn hơn [τ] mọi loại đất trống"))) | I15: =(HS_n*A15/SQRT(sin_duoi))^0.6/(HS_C*i_ms)^0.4
A16: =L_cheo | B16: Đường chéo ô – đường chảy tính toán sau sửa chữa | C16: =HS_C*i_ms*A16 | D16: =1000*(C16*HS_n/SQRT(sin_duoi))^0.6 | E16: =C16/(D16/1000) | F16: =Gamma_w*D16/1000*sin_duoi | G16: =F$19/F16 | H16: =IF(F16<=tau_cat,"Nhỏ hơn [τ] đất pha cát",IF(F16<=tau_bui,"Nhỏ hơn [τ] đất bụi",IF(F16<=tau_thit,"Nhỏ hơn [τ] đất thịt chặt","Lớn hơn [τ] mọi loại đất trống"))) | I16: =(HS_n*A16/SQRT(sin_duoi))^0.6/(HS_C*i_ms)^0.4
A17: 8 | B17: Thêm 3 rãnh ngang (so sánh) | C17: =HS_C*i_ms*A17 | D17: =1000*(C17*HS_n/SQRT(sin_duoi))^0.6 | E17: =C17/(D17/1000) | F17: =Gamma_w*D17/1000*sin_duoi | G17: =F$19/F17 | H17: =IF(F17<=tau_cat,"Nhỏ hơn [τ] đất pha cát",IF(F17<=tau_bui,"Nhỏ hơn [τ] đất bụi",IF(F17<=tau_thit,"Nhỏ hơn [τ] đất thịt chặt","Lớn hơn [τ] mọi loại đất trống"))) | I17: =(HS_n*A17/SQRT(sin_duoi))^0.6/(HS_C*i_ms)^0.4
A18: 17 | B18: Thêm 1 rãnh ngang giữa mái (so sánh) | C18: =HS_C*i_ms*A18 | D18: =1000*(C18*HS_n/SQRT(sin_duoi))^0.6 | E18: =C18/(D18/1000) | F18: =Gamma_w*D18/1000*sin_duoi | G18: =F$19/F18 | H18: =IF(F18<=tau_cat,"Nhỏ hơn [τ] đất pha cát",IF(F18<=tau_bui,"Nhỏ hơn [τ] đất bụi",IF(F18<=tau_thit,"Nhỏ hơn [τ] đất thịt chặt","Lớn hơn [τ] mọi loại đất trống"))) | I18: =(HS_n*A18/SQRT(sin_duoi))^0.6/(HS_C*i_ms)^0.4
A19: =ROUND(L_duoi,1) | B19: Cả đoạn mái, chưa có rãnh | C19: =HS_C*i_ms*A19 | D19: =1000*(C19*HS_n/SQRT(sin_duoi))^0.6 | E19: =C19/(D19/1000) | F19: =Gamma_w*D19/1000*sin_duoi | G19: =F$19/F19 | H19: =IF(F19<=tau_cat,"Nhỏ hơn [τ] đất pha cát",IF(F19<=tau_bui,"Nhỏ hơn [τ] đất bụi",IF(F19<=tau_thit,"Nhỏ hơn [τ] đất thịt chặt","Lớn hơn [τ] mọi loại đất trống"))) | I19: =(HS_n*A19/SQRT(sin_duoi))^0.6/(HS_C*i_ms)^0.4
A22: c) Tổng hợp mức giảm ứng suất tiếp nhờ chia ô 4 × 4 m
B23: Nội dung | C23: Đoạn trên m = 3,0 | D23: Đoạn dưới m = 3,5
A24: 1 | B24: τ cả đoạn mái, chưa có rãnh (Pa) | C24: =F10 | D24: =F19
A25: 2 | B25: τ trên ô, theo đường chéo (Pa) | C25: =F7 | D25: =F16
A26: 3 | B26: Mức giảm theo đường chéo ô (lần) | C26: =G7 | D26: =G16
A27: 4 | B27: Mức giảm theo cạnh ô (lần) | C27: =G6 | D27: =G15
A28: 5 | B28: Kiểm tra: (L cả mái / L chéo)^0,6 – không phụ thuộc C, i, n | C28: =(A10/A7)^0.6 | D28: =(A19/A16)^0.6
A30: Ghi chú: cột "Mức giảm" = τ cả đoạn mái / τ của dòng đó. Thời gian tập trung nước trên mái chỉ 0,5 ÷ 2 phút nên dòng chảy ổn định ngay trong trận mưa – công thức (5-1) áp dụng được.
A31: Rãnh ngang trên cơ +68,0 phải được duy tu thông thoáng: nếu bị lấp, nước của đoạn mái trên và mặt cơ tràn xuống đoạn dưới (đường chảy ≈ 81 m) làm τ ở chân mái dưới tăng tới khoảng 10 Pa.

Sheet DoNhay
A1: ĐỘ NHẠY THEO CÁC THÔNG SỐ GIẢ THIẾT (đoạn mái trên m = 3,0)
A2: Ô vàng: thông số của từng trường hợp (sửa được). τ = γw·(C·i·n·L/√sinβ)^0,6·sinβ. Mức giảm không đổi khi C, i, n thay đổi.
A4: Trường hợp | B4: C | C4: Tỷ lệ mưa 30 phút | D4: n | E4: i (mm/h) | F4: τ trên ô – đường chéo (Pa) | G4: τ cả đoạn mái (Pa) | H4: Mức giảm (lần)
A5: Cơ sở (như sheet SoLieu) | B5: =HS_C | C5: =Ty_le_mua | D5: =HS_n | E5: =Mua_ngay*C5/T_mua | F5: =Gamma_w*(B5*E5/3600000*Bang5_5!$A$7*D5/SQRT(sin_tren))^0.6*sin_tren | G5: =Gamma_w*(B5*E5/3600000*Bang5_5!$A$10*D5/SQRT(sin_tren))^0.6*sin_tren | H5: =G5/F5
A6: Mưa 30 phút = 20% mưa ngày | B6: =HS_C | C6: 0.2 | D6: =HS_n | E6: =Mua_ngay*C6/T_mua | F6: =Gamma_w*(B6*E6/3600000*Bang5_5!$A$7*D6/SQRT(sin_tren))^0.6*sin_tren | G6: =Gamma_w*(B6*E6/3600000*Bang5_5!$A$10*D6/SQRT(sin_tren))^0.6*sin_tren | H6: =G6/F6
A7: Mưa 30 phút = 40% mưa ngày | B7: =HS_C | C7: 0.4 | D7: =HS_n | E7: =Mua_ngay*C7/T_mua | F7: =Gamma_w*(B7*E7/3600000*Bang5_5!$A$7*D7/SQRT(sin_tren))^0.6*sin_tren | G7: =Gamma_w*(B7*E7/3600000*Bang5_5!$A$10*D7/SQRT(sin_tren))^0.6*sin_tren | H7: =G7/F7
A8: Đất gần như không thấm, C = 0,9 | B8: 0.9 | C8: =Ty_le_mua | D8: =HS_n | E8: =Mua_ngay*C8/T_mua | F8: =Gamma_w*(B8*E8/3600000*Bang5_5!$A$7*D8/SQRT(sin_tren))^0.6*sin_tren | G8: =Gamma_w*(B8*E8/3600000*Bang5_5!$A$10*D8/SQRT(sin_tren))^0.6*sin_tren | H8: =G8/F8
A9: Mặt đất trơn, n = 0,011 | B9: =HS_C | C9: =Ty_le_mua | D9: 0.011 | E9: =Mua_ngay*C9/T_mua | F9: =Gamma_w*(B9*E9/3600000*Bang5_5!$A$7*D9/SQRT(sin_tren))^0.6*sin_tren | G9: =Gamma_w*(B9*E9/3600000*Bang5_5!$A$10*D9/SQRT(sin_tren))^0.6*sin_tren | H9: =G9/F9
A10: Mặt đất gồ ghề, n = 0,05 | B10: =HS_C | C10: =Ty_le_mua | D10: 0.05 | E10: =Mua_ngay*C10/T_mua | F10: =Gamma_w*(B10*E10/3600000*Bang5_5!$A$7*D10/SQRT(sin_tren))^0.6*sin_tren | G10: =Gamma_w*(B10*E10/3600000*Bang5_5!$A$10*D10/SQRT(sin_tren))^0.6*sin_tren | H10: =G10/F10

Sheet BieuDo
A1: ỨNG SUẤT TIẾP THEO CHIỀU DÀI ĐƯỜNG CHẢY (số liệu vẽ biểu đồ – công thức)
A3: L (m) | B3: τ mái m = 3,0 (Pa) | C3: τ mái m = 3,5 (Pa) | D3: [τ] đất pha cát | E3: [τ] đất bụi | F3: [τ] đất thịt chặt
A4: 1 | B4: =Gamma_w*(HS_C*i_ms*A4*HS_n/SQRT(sin_tren))^0.6*sin_tren | C4: =Gamma_w*(HS_C*i_ms*A4*HS_n/SQRT(sin_duoi))^0.6*sin_duoi | D4: =tau_cat | E4: =tau_bui | F4: =tau_thit
A5: 2 | B5: =Gamma_w*(HS_C*i_ms*A5*HS_n/SQRT(sin_tren))^0.6*sin_tren | C5: =Gamma_w*(HS_C*i_ms*A5*HS_n/SQRT(sin_duoi))^0.6*sin_duoi | D5: =tau_cat | E5: =tau_bui | F5: =tau_thit
A6: 3 | B6: =Gamma_w*(HS_C*i_ms*A6*HS_n/SQRT(sin_tren))^0.6*sin_tren | C6: =Gamma_w*(HS_C*i_ms*A6*HS_n/SQRT(sin_duoi))^0.6*sin_duoi | D6: =tau_cat | E6: =tau_bui | F6: =tau_thit
A7: 4 | B7: =Gamma_w*(HS_C*i_ms*A7*HS_n/SQRT(sin_tren))^0.6*sin_tren | C7: =Gamma_w*(HS_C*i_ms*A7*HS_n/SQRT(sin_duoi))^0.6*sin_duoi | D7: =tau_cat | E7: =tau_bui | F7: =tau_thit
A8: 5 | B8: =Gamma_w*(HS_C*i_ms*A8*HS_n/SQRT(sin_tren))^0.6*sin_tren | C8: =Gamma_w*(HS_C*i_ms*A8*HS_n/SQRT(sin_duoi))^0.6*sin_duoi | D8: =tau_cat | E8: =tau_bui | F8: =tau_thit
A9: 6 | B9: =Gamma_w*(HS_C*i_ms*A9*HS_n/SQRT(sin_tren))^0.6*sin_tren | C9: =Gamma_w*(HS_C*i_ms*A9*HS_n/SQRT(sin_duoi))^0.6*sin_duoi | D9: =tau_cat | E9: =tau_bui | F9: =tau_thit
A10: 7 | B10: =Gamma_w*(HS_C*i_ms*A10*HS_n/SQRT(sin_tren))^0.6*sin_tren | C10: =Gamma_w*(HS_C*i_ms*A10*HS_n/SQRT(sin_duoi))^0.6*sin_duoi | D10: =tau_cat | E10: =tau_bui | F10: =tau_thit
A11: 8 | B11: =Gamma_w*(HS_C*i_ms*A11*HS_n/SQRT(sin_tren))^0.6*sin_tren | C11: =Gamma_w*(HS_C*i_ms*A11*HS_n/SQRT(sin_duoi))^0.6*sin_duoi | D11: =tau_cat | E11: =tau_bui | F11: =tau_thit
A12: 9 | B12: =Gamma_w*(HS_C*i_ms*A12*HS_n/SQRT(sin_tren))^0.6*sin_tren | C12: =Gamma_w*(HS_C*i_ms*A12*HS_n/SQRT(sin_duoi))^0.6*sin_duoi | D12: =tau_cat | E12: =tau_bui | F12: =tau_thit
A13: 10 | B13: =Gamma_w*(HS_C*i_ms*A13*HS_n/SQRT(sin_tren))^0.6*sin_tren | C13: =Gamma_w*(HS_C*i_ms*A13*HS_n/SQRT(sin_duoi))^0.6*sin_duoi | D13: =tau_cat | E13: =tau_bui | F13: =tau_thit
A14: 11 | B14: =Gamma_w*(HS_C*i_ms*A14*HS_n/SQRT(sin_tren))^0.6*sin_tren | C14: =Gamma_w*(HS_C*i_ms*A14*HS_n/SQRT(sin_duoi))^0.6*sin_duoi | D14: =tau_cat | E14: =tau_bui | F14: =tau_thit
A15: 12 | B15: =Gamma_w*(HS_C*i_ms*A15*HS_n/SQRT(sin_tren))^0.6*sin_tren | C15: =Gamma_w*(HS_C*i_ms*A15*HS_n/SQRT(sin_duoi))^0.6*sin_duoi | D15: =tau_cat | E15: =tau_bui | F15: =tau_thit
... A38: 35 | B38: =Gamma_w*(HS_C*i_ms*A38*HS_n/SQRT(sin_tren))^0.6*sin_tren | C38: =Gamma_w*(HS_C*i_ms*A38*HS_n/SQRT(sin_duoi))^0.6*sin_duoi | D38: =tau_cat | E38: =tau_bui | F38: =tau_thit
